{
  "accuracy": 0.9158496732026143,
  "precision": 0.9221183800623053,
  "recall": 0.9066918001885014,
  "f1": 0.9143400261375787,
  "roc_auc": 0.9713177541390534,
  "brier_score": 0.06626566439342384,
  "log_loss": 0.23268525042505464
}