{
  "recall_at_k": {
    "1": 0.8360037700282752,
    "5": 0.9762016965127238,
    "10": 0.9990574929311969,
    "20": 1.0
  },
  "mrr": 0.9995775837792171,
  "total_positive_edges": 4244,
  "queries_with_positive": 3551
}