{
  "train_loss": [
    0.3224637419558488,
    0.29880110919475555,
    0.2987199903298647,
    0.26795754553033757,
    0.28739713017757124,
    0.28427043289710313,
    0.28105996424953145
  ],
  "val_loss": [
    0.21282913711141138,
    0.20924822766991222,
    0.22769480154794805,
    0.20966275474604437,
    0.21016070860273697,
    0.21154092646696987,
    0.21190006636521397
  ],
  "val_acc": [
    0.9170071203455118,
    0.9174740282479281,
    0.9167736663943037,
    0.9178242091747403,
    0.9180576631259484,
    0.9185245710283646,
    0.9159565775650753
  ]
}