{
  "train_loss": [
    0.36038736674265986,
    0.30312420055270195,
    0.29363698560075885,
    0.2811300461299909,
    0.29298390061236346,
    0.2841919619494524,
    0.28547956355107135,
    0.29237112030386925,
    0.28322821339735615,
    0.27955953031778336,
    0.2812649924785663,
    0.2919128734904986,
    0.28299554743063754,
    0.2713118409499144,
    0.28741064619941586,
    0.275731662240548,
    0.28229659451888156,
    0.2796694468229245,
    0.2812765394456876,
    0.2923815629612177,
    0.27115416794251174,
    0.27548850977267975,
    0.2706477865576744,
    0.2905011787437476,
    0.2795372953972755,
    0.29056008886068296,
    0.2668159388196774,
    0.26768128191813445,
    0.2822410851143874,
    0.2705352348394883,
    0.2714425334945703,
    0.2774077899371966,
    0.2832253786424796,
    0.2708090965946515,
    0.28111515901027584,
    0.27453724743846136,
    0.27507041862759835,
    0.2628007491047566,
    0.2643159246788575,
    0.2612626983378178,
    0.28149684470815534,
    0.2843314681488734,
    0.2697509214855157,
    0.264159424469257,
    0.27930706892258084,
    0.271980363684587,
    0.26658215325994367,
    0.28962066664527625,
    0.2806554287672043,
    0.2709363534664496,
    0.2689641814392347,
    0.27117835625241965,
    0.2616901848560724,
    0.28509828648888147
  ],
  "val_loss": [
    0.21984675482792013,
    0.22818305124254787,
    0.21061784248141682,
    0.21960707403281154,
    0.216885903302361,
    0.21597911548965118,
    0.217540203648455,
    0.21120443151277654,
    0.20702498493825688,
    0.21332944316022537,
    0.20768967665293636,
    0.21146832012078343,
    0.20923753696329453,
    0.20697755498044632,
    0.2066135485382641,
    0.20578861061264486,
    0.21906960098182454,
    0.21035950850037968,
    0.2105014245299732,
    0.2099866170217009,
    0.20888732855810838,
    0.2079937317792107,
    0.20904599480769215,
    0.2135535246309112,
    0.21050907189355178,
    0.20566657579997005,
    0.20458749287268696,
    0.2062842986162971,
    0.21214272520121405,
    0.2057370192864362,
    0.20740220213637633,
    0.20473062641480388,
    0.21186673947993448,
    0.20826868669075124,
    0.20919629317872665,
    0.20688865114660823,
    0.21086491907344146,
    0.20788445236051784,
    0.2040882128126481,
    0.20852827938163981,
    0.20719314454232945,
    0.20668062348576152,
    0.20618733062463648,
    0.20565617917215123,
    0.20625015392022975,
    0.20717465088647954,
    0.20905835269128575,
    0.20635228253462734,
    0.20673170685768127,
    0.20717250818715377,
    0.2083907390342039,
    0.20624680247376947,
    0.20513026591609507,
    0.20774835654917886
  ],
  "val_acc": [
    0.9159565775650753,
    0.9145558538578266,
    0.91724057429672,
    0.91724057429672,
    0.9186412980039688,
    0.9193416598575931,
    0.9188747519551769,
    0.9178242091747403,
    0.9194583868331971,
    0.9186412980039688,
    0.9188747519551769,
    0.919108205906385,
    0.9188747519551769,
    0.9195751138088012,
    0.919108205906385,
    0.9187580249795728,
    0.9160733045406794,
    0.9199252947356134,
    0.9201587486868216,
    0.9182911170771565,
    0.919108205906385,
    0.9193416598575931,
    0.9201587486868216,
    0.9196918407844052,
    0.919224932881989,
    0.9205089296136337,
    0.9199252947356134,
    0.9199252947356134,
    0.9194583868331971,
    0.9186412980039688,
    0.921209291467258,
    0.9201587486868216,
    0.9187580249795728,
    0.919108205906385,
    0.921209291467258,
    0.9202754756624256,
    0.9205089296136337,
    0.9207423835648418,
    0.9206256565892378,
    0.9205089296136337,
    0.919224932881989,
    0.9208591105404459,
    0.9217929263452784,
    0.9209758375160499,
    0.9202754756624256,
    0.9209758375160499,
    0.9189914789307809,
    0.9214427454184662,
    0.921092564491654,
    0.9200420217112175,
    0.9188747519551769,
    0.9198085677600093,
    0.9206256565892378,
    0.9207423835648418
  ]
}