{
  "training_time_minutes": 3.2265880505243936,
  "features": [
    "cosine_doc_similarity",
    "cosine_max_claim_similarity",
    "embedding_diff_mean",
    "embedding_diff_std",
    "year_diff",
    "title_jaccard",
    "abstract_length_ratio",
    "claim_count_ratio",
    "shared_rare_terms_ratio",
    "claim_similarity"
  ],
  "num_features": 10,
  "removed_features": [
    "bm25_doc_score",
    "bm25_best_claim_score",
    "cpc_jaccard"
  ],
  "enhanced_batch_norm": true,
  "bn_improvements": [
    "Batch norm in skip connections",
    "Batch norm before output layer",
    "Configurable momentum"
  ],
  "train_metrics": {
    "accuracy": 0.9056504664949099,
    "precision": 0.931104248748802,
    "recall": 0.8758890113192427,
    "f1": 0.9026530401569113,
    "roc_auc": 0.9670705126512001,
    "confusion_matrix": [
      [
        18719,
        1294
      ],
      [
        2478,
        17488
      ]
    ]
  },
  "val_metrics": {
    "accuracy": 0.9138554920042021,
    "precision": 0.9376667475139462,
    "recall": 0.889348976305498,
    "f1": 0.9128689492325855,
    "roc_auc": 0.9703790106376134,
    "confusion_matrix": [
      [
        3963,
        257
      ],
      [
        481,
        3866
      ]
    ]
  },
  "test_metrics": {
    "accuracy": 0.9070961718020542,
    "precision": 0.932296890672016,
    "recall": 0.8760603204524033,
    "f1": 0.9033041788143829,
    "roc_auc": 0.968224880355659,
    "confusion_matrix": [
      [
        4054,
        270
      ],
      [
        526,
        3718
      ]
    ]
  },
  "timestamp": "2025-12-07T00:38:14.069392"
}