{
  "train_loss": [
    0.3325229039750038,
    0.2996108766931754,
    0.27689358009359777,
    0.2732350384959808,
    0.29623744130516666,
    0.266377515040147,
    0.2823345467257194,
    0.288264230466806,
    0.2773705386580565,
    0.28641487199526566,
    0.27068507126890695,
    0.27789866188779855,
    0.28286592948895234,
    0.31192124950198025,
    0.3042462095618248,
    0.28923072131016314,
    0.3259962177238403,
    0.29957974463319165,
    0.2906816859657948,
    0.3059661209774323,
    0.319508656190756,
    0.40188209884441817,
    0.38736152209532565,
    0.367150658598313,
    0.3132433688793427
  ],
  "val_loss": [
    0.2153910196879331,
    0.21397645771503448,
    0.21284451248014674,
    0.21503730863332748,
    0.2160354247864555,
    0.21473453062422135,
    0.22089925496017232,
    0.22305478900671005,
    0.2345136259408558,
    0.21271701945978053,
    0.21567193988491506,
    0.21952947360627792,
    0.23614935357781017,
    0.2967001265462707,
    0.227431401172105,
    0.2403401767506319,
    0.35088570065358105,
    0.414042567505556,
    0.22563349850037517,
    0.39134827431510477,
    0.34023840550114126,
    0.6382710898623747,
    0.32867109424927654,
    0.26995302167008906,
    0.22736582905054092
  ],
  "val_acc": [
    0.9178242091747403,
    0.9185245710283646,
    0.9184078440527605,
    0.9178242091747403,
    0.9152562157114509,
    0.9156063966382632,
    0.911520952492121,
    0.9103536827360803,
    0.9063849655655422,
    0.917123847321116,
    0.9161900315162834,
    0.9157231236138672,
    0.9089529590288316,
    0.8802381230302323,
    0.9152562157114509,
    0.906151511614334,
    0.8334306058130034,
    0.8012139605462822,
    0.9129216761993697,
    0.8338975137154196,
    0.8523403758608614,
    0.6590405042605346,
    0.8594607213727092,
    0.9026497023462122,
    0.9138554920042021
  ]
}
