{
  "hidden_layer_sizes": [
    64
  ],
  "alpha": 1e-05,
  "learning_rate_init": 0.005,
  "max_iter": 500,
  "early_stopping": true,
  "n_iter_no_change": 20,
  "random_state": 42,
  "feature_names": [
    "cosine_doc_similarity",
    "cosine_max_claim_similarity",
    "embedding_diff_mean",
    "embedding_diff_std",
    "year_diff",
    "title_jaccard",
    "abstract_length_ratio",
    "claim_count_ratio",
    "shared_rare_terms_ratio",
    "claim_similarity"
  ],
  "training_history": {
    "loss": [
      0.26106382693586866,
      0.22185829096263907,
      0.2186484621287181,
      0.21789931318108455,
      0.21840066619176954,
      0.21655136851763995,
      0.21575363694374528,
      0.2159056748381497,
      0.21498384149734312,
      0.21504990706678268,
      0.2147946822724495,
      0.21441972007620336,
      0.21374394071340697,
      0.21501112429145908,
      0.21369863381614873,
      0.2133005837870817,
      0.21310635537675307,
      0.21384824126066113,
      0.21338292084197968,
      0.21303661044728284,
      0.21298573327806755,
      0.21261417737949717,
      0.21357351693843746,
      0.21231132141332124,
      0.2125348863238373,
      0.21285173830168697,
      0.21242543667564462,
      0.21193974767469176,
      0.21192962744885993,
      0.21240156036558872,
      0.21288554906254123,
      0.21189665323391746,
      0.2121346195970608,
      0.2126460187096373,
      0.21167248075483946,
      0.21176776310204357,
      0.21190218537325461,
      0.21157094014798333,
      0.21182308855047574,
      0.2116231688525158,
      0.21156815154193534,
      0.21185853772163277,
      0.21128909417574995,
      0.2110225741536658,
      0.21100428348345457,
      0.2118709958311185,
      0.21152974819133005,
      0.2115062288339907,
      0.21116639319082242,
      0.21094347596904323,
      0.2109757593844598,
      0.21027038881383525,
      0.2108290819919858,
      0.21069290280223354
    ],
    "n_iter": 54
  }
}