{
  "hidden_layer_sizes": [
    64
  ],
  "alpha": 1e-05,
  "learning_rate_init": 0.005,
  "max_iter": 500,
  "early_stopping": true,
  "n_iter_no_change": 20,
  "random_state": 42,
  "feature_names": [
    "bm25_doc_score",
    "bm25_best_claim_score",
    "cosine_doc_similarity",
    "cosine_max_claim_similarity",
    "embedding_diff_mean",
    "embedding_diff_std",
    "cpc_jaccard",
    "year_diff",
    "title_jaccard",
    "abstract_length_ratio",
    "claim_count_ratio",
    "shared_rare_terms_ratio"
  ],
  "training_history": {
    "loss": [
      0.3453779501772961,
      0.31496557948472353,
      0.3112310274508099,
      0.3089972835038959,
      0.30718043221814484,
      0.30720789855468067,
      0.3057260156914092,
      0.3051647331845717,
      0.30508486540726665,
      0.30486510601217076,
      0.30433974314087703,
      0.30420231249800034,
      0.30371700830804815,
      0.30403302209148003,
      0.3042702707037222,
      0.3040445678733381,
      0.30404777715946074,
      0.30265797895682406,
      0.3037680773288906,
      0.30317093873664813,
      0.3029498308971764,
      0.3028194272067357,
      0.3030659752672623,
      0.3029739585484689,
      0.3030455865665418,
      0.3024829415539232,
      0.30234474353151236,
      0.3020993113604397,
      0.301877244550689,
      0.30281145319685987,
      0.3021664498293033,
      0.3024338780086974,
      0.30129550178243375,
      0.3006449521048567,
      0.3014295279287438,
      0.3014225079275683,
      0.30131526507249173,
      0.30163594908042357,
      0.3019892457625676,
      0.3011663582043619,
      0.30214272014293575,
      0.3015726810064332,
      0.3008816137615062,
      0.30155237976417515,
      0.3012964218184636,
      0.3009764359429369,
      0.3007095342182007,
      0.30078710588010577,
      0.3017257105028052,
      0.3003340429314147,
      0.30091983679711787,
      0.30058195675555016,
      0.3001276106272591,
      0.29983520349755327
    ],
    "n_iter": 54
  }
}