{
  "mean": 290.29398963031275,
  "median": 304.0,
  "std": 54.82282893654192,
  "min": 3,
  "max": 394,
  "percentiles": {
    "25th": 289.0,
    "50th": 304.0,
    "75th": 317.0,
    "90th": 328.0,
    "95th": 335.0
  }
}